row_number,video_id,clip_id,sample_id,text,label,annotation,feature_row_index,video_path,source_file_exists,source_file_size_bytes,source_file_sha256,duration_sec,text_tokens,text_valid_windows,audio_valid_windows,vision_valid_windows,text_dim,audio_dim,vision_dim,status,anomalies
2,'-3g5yACwYnA,13,'-3g5yACwYnA_13,They've been able to find solutions or at least bring some answers to the table.,0.6666666865348816,Positive,0,D:\MCMM\23rd-MCMM\E-q\dataset\attachment_1_raw_multimodal_samples\mosei_raw_videos_100\-3g5yACwYnA\13.mp4,1,1052449,aeb47627f59dce3d0a85a44ef35e4a3bc18211498e98c8c11cf60269646df24f,5.433333333333334,16,16,50,50,72,20,20,warning,video_header_decoded_frame_count_mismatch
3,'-3g5yACwYnA,3,'-3g5yACwYnA_3,"We're a huge user of adhesives for our operation, called flocking, and we don't have the technical inside compounding or the technical expertise to do these types of things.",0.0,Neutral,1,D:\MCMM\23rd-MCMM\E-q\dataset\attachment_1_raw_multimodal_samples\mosei_raw_videos_100\-3g5yACwYnA\3.mp4,1,2322206,eff8cfefba2425155f2b72656829b34b23be8bfe1dcbece384154f56818aa26d,14.366666666666667,32,32,50,50,72,20,20,warning,video_header_decoded_frame_count_mismatch
4,'-3g5yACwYnA,2,'-3g5yACwYnA_2,Key Polymer brings a technical aspect to our operation that we don't have internally.,0.0,Neutral,2,D:\MCMM\23rd-MCMM\E-q\dataset\attachment_1_raw_multimodal_samples\mosei_raw_videos_100\-3g5yACwYnA\2.mp4,1,1752558,0619c01f137d017c15c058176f18a575919189c7e81ebd2bfb993afdb86f3de7,9.266666666666667,15,15,50,50,72,20,20,warning,video_header_decoded_frame_count_mismatch
5,'-3g5yACwYnA,9,'-3g5yACwYnA_9,"We have many new opportunities through the way things have changed through the years, looking for new niche high-end, value-added products.",0.6666666865348816,Positive,3,D:\MCMM\23rd-MCMM\E-q\dataset\attachment_1_raw_multimodal_samples\mosei_raw_videos_100\-3g5yACwYnA\9.mp4,1,1938491,b962573b12ed1f06d5533f6427c80dce2bae3a99dd332f6d3fcb32c579f3f016,8.766666666666667,28,28,50,50,72,20,20,warning,video_header_decoded_frame_count_mismatch
6,'-3nNcZdcdvU,5,'-3nNcZdcdvU_5,Noncompliance can result in legal liability to you and to the school district in which you are employed.,0.0,Neutral,4,D:\MCMM\23rd-MCMM\E-q\dataset\attachment_1_raw_multimodal_samples\mosei_raw_videos_100\-3nNcZdcdvU\5.mp4,1,336985,7ea53ad502b77be7d2ee4494dc23a9478c897792203cf887d546e83d584c1728,7.866666666666666,19,19,50,50,72,20,20,warning,video_header_decoded_frame_count_mismatch
7,'-HwX2H8Z4hY,2,'-HwX2H8Z4hY_2,"” [President Ronald Reagan:] ""Look at the record",0.0,Neutral,5,D:\MCMM\23rd-MCMM\E-q\dataset\attachment_1_raw_multimodal_samples\mosei_raw_videos_100\-HwX2H8Z4hY\2.mp4,1,958873,920a1052c09ebd1eedba6dd1ccfecd80f56f6f0fdcdd1f6dd32b0d90bcb89358,3.966666666666667,12,12,50,50,72,20,20,warning,video_header_decoded_frame_count_mismatch
8,'-HwX2H8Z4hY,5,'-HwX2H8Z4hY_5,""" President Ronald Reagan blamed the professional bureaucracy of education",-1.0,Negative,6,D:\MCMM\23rd-MCMM\E-q\dataset\attachment_1_raw_multimodal_samples\mosei_raw_videos_100\-HwX2H8Z4hY\5.mp4,1,1617346,8d61b7f5840a8bd403d9bc6c3cd49029ffc4e304cf9c7834735c1a6bb5fd369d,5.6,10,10,50,50,72,20,20,warning,video_header_decoded_frame_count_mismatch
9,'-HwX2H8Z4hY,6,'-HwX2H8Z4hY_6,"And in part, Al Shanker did too",0.0,Neutral,7,D:\MCMM\23rd-MCMM\E-q\dataset\attachment_1_raw_multimodal_samples\mosei_raw_videos_100\-HwX2H8Z4hY\6.mp4,1,978678,696576dcbd0dc42cb678fa40d8a0f0f419a3072bfa7662d653756ab29bba4c46,3.3,8,8,50,50,72,20,20,warning,video_header_decoded_frame_count_mismatch
10,'-HwX2H8Z4hY,9,'-HwX2H8Z4hY_9,It is a word which the administrator uses when he turns around anything which he doesn't like that the teacher is doing,-0.3333333432674408,Negative,8,D:\MCMM\23rd-MCMM\E-q\dataset\attachment_1_raw_multimodal_samples\mosei_raw_videos_100\-HwX2H8Z4hY\9.mp4,1,981914,90c18e627f27a12c14e21ba24c79edf3008762b4ac26874b490ad3f888381702,7.733333333333333,22,22,50,50,72,20,20,warning,video_header_decoded_frame_count_mismatch
11,'-NFrJFQijFE,1,'-NFrJFQijFE_1,Structural mounts inside have to be properly stress analyzed so we make sure all that happens,0.3333333432674408,Positive,9,D:\MCMM\23rd-MCMM\E-q\dataset\attachment_1_raw_multimodal_samples\mosei_raw_videos_100\-NFrJFQijFE\1.mp4,1,1024510,d8fcf16c6eb51c56947ec3d0549c6f3bc7a0cf1fc5f5d89e8b38d4249a08db4f,5.68,16,16,50,50,72,20,20,warning,video_header_decoded_frame_count_mismatch
12,'-NFrJFQijFE,2,'-NFrJFQijFE_2,So we coordinate with all the proper technical fields to get ready for the instrument to arrive here,0.0,Neutral,10,D:\MCMM\23rd-MCMM\E-q\dataset\attachment_1_raw_multimodal_samples\mosei_raw_videos_100\-NFrJFQijFE\2.mp4,1,1452918,a54a5c144a64f5abd26b19aafa6cea8142ee08e9385fa508fa70c934f6b616c1,6.76,18,18,50,50,72,20,20,warning,video_header_decoded_frame_count_mismatch
13,'-THoVjtIkeU,12,'-THoVjtIkeU_12,"What ever we turn our attention to is what grows and so if we believe that anything is possible, if we believe that social justice can be achieved and if we believe in youth, they will believe in themselves.",2.0,Positive,11,D:\MCMM\23rd-MCMM\E-q\dataset\attachment_1_raw_multimodal_samples\mosei_raw_videos_100\-THoVjtIkeU\12.mp4,1,1262553,e2f148f4f2e74724dc13b3ce870a0ce6a06740cfc224f5a9b3d0a870b196e7d4,14.833333333333334,42,42,50,50,72,20,20,warning,video_header_decoded_frame_count_mismatch
14,'-THoVjtIkeU,2,'-THoVjtIkeU_2,I think social justice is extremely important for young people.,1.3333333730697632,Positive,12,D:\MCMM\23rd-MCMM\E-q\dataset\attachment_1_raw_multimodal_samples\mosei_raw_videos_100\-THoVjtIkeU\2.mp4,1,347917,35a6c2464ffd68dd96411edb5dc2763f0efb59f264c1d8b737e616fa6b0d1d5b,4.266666666666667,11,11,50,50,72,20,20,warning,video_header_decoded_frame_count_mismatch
15,'-THoVjtIkeU,6,'-THoVjtIkeU_6,"You know that I think listening to young people, taking in what they have to say because what we have seen all around the world is the power of youth.",2.6666667461395264,Positive,13,D:\MCMM\23rd-MCMM\E-q\dataset\attachment_1_raw_multimodal_samples\mosei_raw_videos_100\-THoVjtIkeU\6.mp4,1,801802,efaa55ee6394032c867046690a92c29edfd825005f0a090cca5ccb763b227f64,8.033333333333333,32,32,50,50,72,20,20,warning,video_header_decoded_frame_count_mismatch
16,'-UuX1xuaiiE,1,'-UuX1xuaiiE_1,^And all of them are really being able to explore ^these different areas in depth ^in a way that really wasn't available ^before the center was here,1.6666666269302368,Positive,14,D:\MCMM\23rd-MCMM\E-q\dataset\attachment_1_raw_multimodal_samples\mosei_raw_videos_100\-UuX1xuaiiE\1.mp4,1,2032933,d5bbda38fcec15817d2b87bab5dcc559d6d425f7d28a82e6c32d13f14b48650c,10.3,31,31,50,50,72,20,20,warning,video_header_decoded_frame_count_mismatch
17,'-UuX1xuaiiE,0,'-UuX1xuaiiE_0,^it's amazing to see their enthusiasm and their passion,2.6666667461395264,Positive,15,D:\MCMM\23rd-MCMM\E-q\dataset\attachment_1_raw_multimodal_samples\mosei_raw_videos_100\-UuX1xuaiiE\0.mp4,1,654518,f578b305d53bc152702f5e771de0fcd12d1e9aaefc5cefce3d2082a417aab7c8,3.6333333333333333,10,10,50,50,72,20,20,ok,
18,'-UuX1xuaiiE,3,'-UuX1xuaiiE_3,My goal is to become a human rights lawyer,0.3333333432674408,Positive,16,D:\MCMM\23rd-MCMM\E-q\dataset\attachment_1_raw_multimodal_samples\mosei_raw_videos_100\-UuX1xuaiiE\3.mp4,1,1424269,eddb408f25bdc13e6de2fb74caeed709cb7a8f00640e7897135330437f66a2aa,4.1,9,9,50,50,72,20,20,warning,video_header_decoded_frame_count_mismatch
19,'-UuX1xuaiiE,6,'-UuX1xuaiiE_6,"I ended up going to work for the US government as an intelligence analyst, specializing in war crimes and human rights issues",-0.3333333432674408,Negative,17,D:\MCMM\23rd-MCMM\E-q\dataset\attachment_1_raw_multimodal_samples\mosei_raw_videos_100\-UuX1xuaiiE\6.mp4,1,1662602,f0131ac00e44410fbd32c547a0d421c2791172434fc0203bb969abe14a530532,8.0,23,23,50,50,72,20,20,warning,video_header_decoded_frame_count_mismatch
20,'-a55Q6RWvTA,3,'-a55Q6RWvTA_3,"And if you clip coupons, if you don't go out for dinner and movies and things of that nature and try to take up things in life that, well, they always say, ""the best things in life are free"". Reading a book, going for a nice walk, and, of course, combining exercise and various things of that nature where you're not spending money per se.",0.6666666865348816,Positive,18,D:\MCMM\23rd-MCMM\E-q\dataset\attachment_1_raw_multimodal_samples\mosei_raw_videos_100\-a55Q6RWvTA\3.mp4,1,749365,15d029fc15f50b268b98f1e8abc65e45582e638c13a018d7aa74a18373275946,22.133333333333333,77,50,50,50,72,20,20,warning,video_header_decoded_frame_count_mismatch
21,'-aNfi7CP8vM,7,'-aNfi7CP8vM_7,"Maybe they have no political party affiliation, they're not interested in politics, they could care less about politics.",0.0,Neutral,19,D:\MCMM\23rd-MCMM\E-q\dataset\attachment_1_raw_multimodal_samples\mosei_raw_videos_100\-aNfi7CP8vM\7.mp4,1,430559,0b6389f45bb966113c65a11998c6e7facdd24c8c42acf2e8cf32e0f2139402e1,8.566666666666666,21,21,50,50,72,20,20,warning,video_header_decoded_frame_count_mismatch
22,'-aqamKhZ1Ec,0,'-aqamKhZ1Ec_0,"In 2008, there were very serious tribal warfare in Kenya following a disputed election.",-2.0,Negative,20,D:\MCMM\23rd-MCMM\E-q\dataset\attachment_1_raw_multimodal_samples\mosei_raw_videos_100\-aqamKhZ1Ec\0.mp4,1,2882018,6f6e674bbba4353399e9e7825217f37e6d8ca1adf9675f33cf37106f31c55548,10.966666666666667,16,16,50,50,72,20,20,ok,
23,'-dxfTGcXJoc,1,'-dxfTGcXJoc_1,"For the 10th straight year, some of Kentucky’s best and most innovative biotech companies and technologies were on display at the annual BIO International Convention, which I and other state officials attended this week in Chicago.",1.6666666269302368,Positive,21,D:\MCMM\23rd-MCMM\E-q\dataset\attachment_1_raw_multimodal_samples\mosei_raw_videos_100\-dxfTGcXJoc\1.mp4,1,658423,b5ffdc98a4a98b8f0aae55dee5fed66a43bcb129f47a250a004c1cc74e572595,16.066666666666666,42,42,50,50,72,20,20,warning,video_header_decoded_frame_count_mismatch
24,'-dxfTGcXJoc,0,'-dxfTGcXJoc_0,"This is Governor Steve Beshear ... About Kentucky Our state is home to more than 1,500 bioscience and lifescience companies and more than 100,000 people who work for these firms, in areas from nutrigenomics and pharmaceuticals to nanotechnology and medical devices.",1.0,Positive,22,D:\MCMM\23rd-MCMM\E-q\dataset\attachment_1_raw_multimodal_samples\mosei_raw_videos_100\-dxfTGcXJoc\0.mp4,1,771408,04bd0be907fb46c613f926fe1b06bc2c3b30881c293156510baa34a4105ade55,20.5,49,49,50,50,72,20,20,ok,
25,'-dxfTGcXJoc,2,'-dxfTGcXJoc_2,"An estimated 20,000 biotech scientists, executives and industry experts from more than 50 nations were at the BIO conference to learn about the latest scientific advances, and to exchange ideas and establish business relationships.",0.6666666865348816,Positive,23,D:\MCMM\23rd-MCMM\E-q\dataset\attachment_1_raw_multimodal_samples\mosei_raw_videos_100\-dxfTGcXJoc\2.mp4,1,675725,46a5e523b5dd00364c99a3bcbc6fae4c80e1382a84b5b5e681c46eb074ed10f7,16.666666666666668,39,39,50,50,72,20,20,warning,video_header_decoded_frame_count_mismatch
26,'-dxfTGcXJoc,6,'-dxfTGcXJoc_6,Kentucky’s participation at the annual BIO International Convention is the primary means by which our high-tech companies and institutions can reach out to the global scientific community.,0.6666666865348816,Positive,24,D:\MCMM\23rd-MCMM\E-q\dataset\attachment_1_raw_multimodal_samples\mosei_raw_videos_100\-dxfTGcXJoc\6.mp4,1,428971,55c1ff86729ab21da743a5107ed07b220e41b4193cd1c0ba9f009e65c3ab0513,12.7,32,32,50,50,72,20,20,warning,video_header_decoded_frame_count_mismatch
27,'-egA8-b7-3M,26,'-egA8-b7-3M_26,We're updating it all the time and looking forward to your comments on our videos.,1.6666666269302368,Positive,25,D:\MCMM\23rd-MCMM\E-q\dataset\attachment_1_raw_multimodal_samples\mosei_raw_videos_100\-egA8-b7-3M\26.mp4,1,688886,11f78aed680ea9c5862a15e04ff6c1f8776c46d29c98b68d28773ff39d959685,5.966666666666667,16,16,50,50,72,20,20,warning,video_header_decoded_frame_count_mismatch
28,'-egA8-b7-3M,17,'-egA8-b7-3M_17,"As you have more experience, you have more times exhibiting, you get to know more people.",0.3333333432674408,Positive,26,D:\MCMM\23rd-MCMM\E-q\dataset\attachment_1_raw_multimodal_samples\mosei_raw_videos_100\-egA8-b7-3M\17.mp4,1,774900,f967e81e0edd51c3700671721afb3fbecbbc32652f27d2db40ea444e8d80c68f,7.166666666666667,19,19,50,50,72,20,20,warning,video_header_decoded_frame_count_mismatch
29,'-egA8-b7-3M,18,'-egA8-b7-3M_18,It becomes easier at each one of these conferences to connect with people that you've met or that you're doing business with.,1.0,Positive,27,D:\MCMM\23rd-MCMM\E-q\dataset\attachment_1_raw_multimodal_samples\mosei_raw_videos_100\-egA8-b7-3M\18.mp4,1,737865,fd4bc95a6adfb16a9588b7ed65cc2812186ce3d607804dc76f4486312951ef90,8.333333333333334,23,23,50,50,72,20,20,warning,video_header_decoded_frame_count_mismatch
30,'-egA8-b7-3M,16,'-egA8-b7-3M_16,"Third, another big benefit of exhibiting is connecting with existing clients.",0.6666666865348816,Positive,28,D:\MCMM\23rd-MCMM\E-q\dataset\attachment_1_raw_multimodal_samples\mosei_raw_videos_100\-egA8-b7-3M\16.mp4,1,391465,4c015f85e3bd901ecedde8c0c2ca4a756d9a77dfe4177625c481581f2037ff9c,5.533333333333333,13,13,50,50,72,20,20,warning,video_header_decoded_frame_count_mismatch
31,'-egA8-b7-3M,13,'-egA8-b7-3M_13,"What are you doing that's different?"" They always want an answer.",0.3333333432674408,Positive,29,D:\MCMM\23rd-MCMM\E-q\dataset\attachment_1_raw_multimodal_samples\mosei_raw_videos_100\-egA8-b7-3M\13.mp4,1,394399,cbd627c225ebca37521ae238cb9ec254cad236822f4f37ebfbb039e6c56aea4c,4.1,14,14,50,50,72,20,20,warning,video_header_decoded_frame_count_mismatch
32,'-egA8-b7-3M,1,'-egA8-b7-3M_1,I started a successful Legal Nurse Consulting Business in 1989. I mentor nurses who want to become Legal Nurse Consultants.,0.6666666865348816,Positive,30,D:\MCMM\23rd-MCMM\E-q\dataset\attachment_1_raw_multimodal_samples\mosei_raw_videos_100\-egA8-b7-3M\1.mp4,1,658247,589a7989b1b4888568c31614a2d6beefba88fb87289c85b94df2d8051500403b,10.2,22,22,50,50,72,20,20,warning,video_header_decoded_frame_count_mismatch
33,'-egA8-b7-3M,6,'-egA8-b7-3M_6,First exhibiting is a wonderful opportunity to network with other legal vendors.,0.6666666865348816,Positive,31,D:\MCMM\23rd-MCMM\E-q\dataset\attachment_1_raw_multimodal_samples\mosei_raw_videos_100\-egA8-b7-3M\6.mp4,1,446118,2e88a00d5e55863aa956b4b0949fc0e4f2975ccfd83b3194957f6fca86ecfce0,6.233333333333333,13,13,50,50,72,20,20,warning,video_header_decoded_frame_count_mismatch
34,'-egA8-b7-3M,9,'-egA8-b7-3M_9,"Secondly, another goal of exhibiting  is building your company image.",0.3333333432674408,Positive,32,D:\MCMM\23rd-MCMM\E-q\dataset\attachment_1_raw_multimodal_samples\mosei_raw_videos_100\-egA8-b7-3M\9.mp4,1,581652,bcd643f328616312eae9b28e6c9aabbe8acaec3e4c4be58daeb45e3eee4d973c,5.0,12,12,50,50,72,20,20,warning,video_header_decoded_frame_count_mismatch
35,'-egA8-b7-3M,20,'-egA8-b7-3M_20,"Now you've got a face that you can connect with a voice, and that makes you closer to that client.",0.3333333432674408,Positive,33,D:\MCMM\23rd-MCMM\E-q\dataset\attachment_1_raw_multimodal_samples\mosei_raw_videos_100\-egA8-b7-3M\20.mp4,1,823539,719ef133920e74b3ea33925d2bca0270b062199116867568f88ac83cadcd74e8,6.533333333333333,22,22,50,50,72,20,20,warning,video_header_decoded_frame_count_mismatch
36,'-iRBcNs9oI8,3,'-iRBcNs9oI8_3,"Well, it is the secret of power pose",0.6666666865348816,Positive,34,D:\MCMM\23rd-MCMM\E-q\dataset\attachment_1_raw_multimodal_samples\mosei_raw_videos_100\-iRBcNs9oI8\3.mp4,1,988521,39c547acd1a8da2ebc6c6ab008191a5676420398a974cd9611cad087f0ccec50,5.572233333333333,9,9,50,50,72,20,20,warning,video_header_decoded_frame_count_mismatch
37,'-iRBcNs9oI8,7,'-iRBcNs9oI8_7,"Well, for starters, let's look at the word ""power""",0.6666666865348816,Positive,35,D:\MCMM\23rd-MCMM\E-q\dataset\attachment_1_raw_multimodal_samples\mosei_raw_videos_100\-iRBcNs9oI8\7.mp4,1,980176,cc7b1c7a06ec41d72007b5c42fb8036f30b66d5cf76e3f093160c22fc5e38081,4.0040000000000004,13,13,50,50,72,20,20,warning,video_header_decoded_frame_count_mismatch
38,'-iRBcNs9oI8,6,'-iRBcNs9oI8_6,What is a power pose,0.3333333432674408,Positive,36,D:\MCMM\23rd-MCMM\E-q\dataset\attachment_1_raw_multimodal_samples\mosei_raw_videos_100\-iRBcNs9oI8\6.mp4,1,1286164,030b0b8d8d4ae47799432ab71b66fcc881f077c5b0feef892c1f146dc0a592e3,2.8361666666666667,5,5,50,50,72,20,20,warning,video_header_decoded_frame_count_mismatch
39,'-iRBcNs9oI8,9,'-iRBcNs9oI8_9,Power is similar to strength,1.3333333730697632,Positive,37,D:\MCMM\23rd-MCMM\E-q\dataset\attachment_1_raw_multimodal_samples\mosei_raw_videos_100\-iRBcNs9oI8\9.mp4,1,1084122,352bdcc73d3622d6abac1b09f2039b211d15b9bf7acee66f0b07783c9b7a4c74,3.4034,5,5,50,50,72,20,20,warning,video_header_decoded_frame_count_mismatch
40,'-iRBcNs9oI8,8,'-iRBcNs9oI8_8,"I've drawn this man here, and if you can tell, he has a lot of big muscles, he looks very strong",1.0,Positive,38,D:\MCMM\23rd-MCMM\E-q\dataset\attachment_1_raw_multimodal_samples\mosei_raw_videos_100\-iRBcNs9oI8\8.mp4,1,1166371,72a49e3da2862addcde033bd2fbae957d086533664ca4dcbccd3a851bcd50412,8.041366666666667,24,24,50,50,72,20,20,warning,video_header_decoded_frame_count_mismatch
41,'-lzEya4AM_4,5,'-lzEya4AM_4_5,"If it falls into oh any of those three categories, inducing nausea and vomiting would be your next step.",-0.6666666865348816,Negative,39,D:\MCMM\23rd-MCMM\E-q\dataset\attachment_1_raw_multimodal_samples\mosei_raw_videos_100\-lzEya4AM_4\5.mp4,1,333185,3b74de8d0e66fd754594f05985e5af3480adcc03555f79225d3b727cb4bed043,7.633333333333334,21,21,50,50,72,20,20,warning,video_header_decoded_frame_count_mismatch
42,'-lzEya4AM_4,6,'-lzEya4AM_4_6,"If the product or poison is some type of petroleum product or corrosive product, you would not attempt to induce vomiting and nausea, as as the product burned on the way down it could cause damage and burning on the way back up.",-0.3333333432674408,Negative,40,D:\MCMM\23rd-MCMM\E-q\dataset\attachment_1_raw_multimodal_samples\mosei_raw_videos_100\-lzEya4AM_4\6.mp4,1,1088736,ff5da5afb551001d58100ed2471caea51c741046d5396957efbf40082307ca18,14.766666666666667,46,46,50,50,72,20,20,warning,video_header_decoded_frame_count_mismatch
43,'-mJ2ud6oKI8,1,'-mJ2ud6oKI8_1,There are a dozen or more hands on techniques that we can do,0.0,Neutral,41,D:\MCMM\23rd-MCMM\E-q\dataset\attachment_1_raw_multimodal_samples\mosei_raw_videos_100\-mJ2ud6oKI8\1.mp4,1,1040138,c8e3acb4ca08679796c4c8cdfcd8c2b3cffc0465015efaffa1eccdb55ff4f45b,6.072733333333334,13,13,50,50,72,20,20,warning,video_header_decoded_frame_count_mismatch
44,'-mJ2ud6oKI8,2,'-mJ2ud6oKI8_2,So physical therapists and chiropractors will do joint manipulations and mobilizations,0.0,Neutral,42,D:\MCMM\23rd-MCMM\E-q\dataset\attachment_1_raw_multimodal_samples\mosei_raw_videos_100\-mJ2ud6oKI8\2.mp4,1,1471617,c41790f8b75f886bd1f5d6d72cbab1985306d0b715e5ae47203f3d0c8a3e7b28,5.7057,11,11,50,50,72,20,20,warning,video_header_decoded_frame_count_mismatch
45,'-mJ2ud6oKI8,6,'-mJ2ud6oKI8_6,They are all very safe,0.3333333432674408,Positive,43,D:\MCMM\23rd-MCMM\E-q\dataset\attachment_1_raw_multimodal_samples\mosei_raw_videos_100\-mJ2ud6oKI8\6.mp4,1,562692,134a3a4ebbc423760133b0da0e90cfe84d75ea85df3968000afd84153c5d828d,2.2355666666666667,5,5,50,50,72,20,20,warning,video_header_decoded_frame_count_mismatch
46,'-mJ2ud6oKI8,9,'-mJ2ud6oKI8_9,"It's safe and the person will feel better later on, but it's sort of like flossing your teeth for the first time",0.0,Neutral,44,D:\MCMM\23rd-MCMM\E-q\dataset\attachment_1_raw_multimodal_samples\mosei_raw_videos_100\-mJ2ud6oKI8\9.mp4,1,1788453,df3442f3ed8f894b507923e87e426ae9636790a4a502d00c350a215270cc3e47,6.940266666666667,23,23,50,50,72,20,20,warning,video_header_decoded_frame_count_mismatch
47,'-mJ2ud6oKI8,8,'-mJ2ud6oKI8_8,Sometimes we have to stretch that joint that is already irritated,-0.3333333432674408,Negative,45,D:\MCMM\23rd-MCMM\E-q\dataset\attachment_1_raw_multimodal_samples\mosei_raw_videos_100\-mJ2ud6oKI8\8.mp4,1,1578317,6af6614c9838417a48c4817f4dd5bf1e6669eb5f78f983e9a68adc113fcdc7cc,4.170833333333333,11,11,50,50,72,20,20,warning,video_header_decoded_frame_count_mismatch
48,'-mqbVkbCndg,0,'-mqbVkbCndg_0,"How, at a particular moment in time—our moment in time—are they limited",0.0,Neutral,46,D:\MCMM\23rd-MCMM\E-q\dataset\attachment_1_raw_multimodal_samples\mosei_raw_videos_100\-mqbVkbCndg\0.mp4,1,517424,cdeba953bba30907814acf72f3e35582dec263eaa25bdd922dad7fafe02e4dda,6.466666666666667,17,17,50,50,72,20,20,ok,
49,'-t217m2on-s,2,'-t217m2on-s_2,"But a good thing to do is yawning, chewing gum is effective.",0.6666666865348816,Positive,47,D:\MCMM\23rd-MCMM\E-q\dataset\attachment_1_raw_multimodal_samples\mosei_raw_videos_100\-t217m2on-s\2.mp4,1,282834,6713a983112173204502dc5adbb886bc6c38554b4627698611931420c47663a8,5.666666666666667,14,14,50,50,72,20,20,warning,video_header_decoded_frame_count_mismatch
50,'-t217m2on-s,7,'-t217m2on-s_7,"If you find that your ears consistently do this and you can't pop them often, you'll definitely need to see a physician regarding those things, it could be something more of a nasal infection or a sinus infection that he would need to deal with.",-0.6666666865348816,Negative,48,D:\MCMM\23rd-MCMM\E-q\dataset\attachment_1_raw_multimodal_samples\mosei_raw_videos_100\-t217m2on-s\7.mp4,1,648501,41c76b8a733ecb780d56348f55d00f0ba0c07f44f46e93044e62d876710180b7,17.066666666666666,48,48,50,50,72,20,20,warning,video_header_decoded_frame_count_mismatch
51,'-tANM6ETl_M,3,'-tANM6ETl_M_3,"The first place is either you have a prospect, or a customer who's never done it before, or they've never tried it.",0.3333333432674408,Positive,49,D:\MCMM\23rd-MCMM\E-q\dataset\attachment_1_raw_multimodal_samples\mosei_raw_videos_100\-tANM6ETl_M\3.mp4,1,1547930,6d3af064c060dad3816a9e1dfa00101faebd8b7da7d8ceea85b0bc0fca70abd6,6.666666666666667,25,25,50,50,72,20,20,warning,video_header_decoded_frame_count_mismatch
52,'-tPCytz4rww,11,'-tPCytz4rww_11,"Make sure that your using comps that are not larger, no larger than twelve hundred square feet.",0.0,Neutral,50,D:\MCMM\23rd-MCMM\E-q\dataset\attachment_1_raw_multimodal_samples\mosei_raw_videos_100\-tPCytz4rww\11.mp4,1,361198,6dc09d02467baaef67594ff32cffb01f8ed1565cda4c5abd161b8261a51e2e5d,5.466666666666667,19,19,50,50,72,20,20,warning,video_header_decoded_frame_count_mismatch
53,'-tPCytz4rww,10,'-tPCytz4rww_10,Say twenty percent so if you've got a thousand square foot condo.,0.0,Neutral,51,D:\MCMM\23rd-MCMM\E-q\dataset\attachment_1_raw_multimodal_samples\mosei_raw_videos_100\-tPCytz4rww\10.mp4,1,512248,758183192cbd5f0f20823d26ece3ddee40dec0aadec35247b2495510a53f52f8,4.733333333333333,13,13,50,50,72,20,20,warning,video_header_decoded_frame_count_mismatch
54,'-tPCytz4rww,12,'-tPCytz4rww_12,"No less than eight hundred squire feet and going to similar in, similar with bedrooms and bathrooms as well and hopefully the complexes have similar amenities.",0.0,Neutral,52,D:\MCMM\23rd-MCMM\E-q\dataset\attachment_1_raw_multimodal_samples\mosei_raw_videos_100\-tPCytz4rww\12.mp4,1,831948,e3c7f9cd67ad2d20fef997696dc278361f97f027db58762e22104e5720d509d5,11.766666666666667,28,28,50,50,72,20,20,warning,video_header_decoded_frame_count_mismatch
55,'-tPCytz4rww,16,'-tPCytz4rww_16,So make sure to get a through or to do a through cleaning of the property.,0.0,Neutral,53,D:\MCMM\23rd-MCMM\E-q\dataset\attachment_1_raw_multimodal_samples\mosei_raw_videos_100\-tPCytz4rww\16.mp4,1,550547,8b3f82f9628792eebaf8c227becc2ebeba59bb8abb668bcca86e07fb1a992a93,7.2,17,17,50,50,72,20,20,warning,video_header_decoded_frame_count_mismatch
56,'-tPCytz4rww,18,'-tPCytz4rww_18,Do so and as well you'll also want to remove any clutter from that you've accumulated.,0.0,Neutral,54,D:\MCMM\23rd-MCMM\E-q\dataset\attachment_1_raw_multimodal_samples\mosei_raw_videos_100\-tPCytz4rww\18.mp4,1,625292,eece70451e9c37a4b5f375bf646f66e09113fe3467f35bf1720cc14d986c1776,6.633333333333334,17,17,50,50,72,20,20,warning,video_header_decoded_frame_count_mismatch
57,'-vxjVxOeScU,4,'-vxjVxOeScU_4,"You're going to talk about their life, their marriage and usually how amazing it is that they've stayed together this long.",1.0,Positive,55,D:\MCMM\23rd-MCMM\E-q\dataset\attachment_1_raw_multimodal_samples\mosei_raw_videos_100\-vxjVxOeScU\4.mp4,1,431202,00282df9a314394f19d616d561bd1916d1d30dca4c814dfb43630ca164f4c719,9.066666666666666,23,23,50,50,72,20,20,warning,video_header_decoded_frame_count_mismatch
58,'-wMB_hJL-3o,7,'-wMB_hJL-3o_7,So if you have a loved one who is depressed those are some of the things that you should think about doing.,0.3333333432674408,Positive,56,D:\MCMM\23rd-MCMM\E-q\dataset\attachment_1_raw_multimodal_samples\mosei_raw_videos_100\-wMB_hJL-3o\7.mp4,1,264692,04a73d73fd150b07edab8e652fd14c9cb4a0f6e017ea97b17e8146e377b9fae7,6.033333333333333,23,23,50,50,72,20,20,warning,video_header_decoded_frame_count_mismatch
59,'-wny0OAz3g8,1,'-wny0OAz3g8_1,"And because they couldn’t join unions, many Black workers couldn’t get manufacturing or trade work – which paid much better than service work",0.3333333432674408,Positive,57,D:\MCMM\23rd-MCMM\E-q\dataset\attachment_1_raw_multimodal_samples\mosei_raw_videos_100\-wny0OAz3g8\1.mp4,1,1001717,c5535859f129ce04da5f5b5104d02d4168057b9d947a5349d423278ad4f3d8e8,6.833333333333333,28,28,50,50,72,20,20,warning,video_header_decoded_frame_count_mismatch
60,'-wny0OAz3g8,0,'-wny0OAz3g8_0,trade labor unions didn’t allow Black workers to join,0.3333333432674408,Positive,58,D:\MCMM\23rd-MCMM\E-q\dataset\attachment_1_raw_multimodal_samples\mosei_raw_videos_100\-wny0OAz3g8\0.mp4,1,458092,1cc21b4432e2f4b592284ee40558a18acc7d208019117aebdb2f6a1b67ea198d,3.3333333333333335,11,11,50,50,72,20,20,ok,
61,'-wny0OAz3g8,3,'-wny0OAz3g8_3,Which then allowed the white workers and unions to justify their decision to not allow black workers into their union,-1.3333333730697632,Negative,59,D:\MCMM\23rd-MCMM\E-q\dataset\attachment_1_raw_multimodal_samples\mosei_raw_videos_100\-wny0OAz3g8\3.mp4,1,1314050,ea917c506bc9fa39460f2b722f7c416f646312bb17cd74baa618905b54837bce,6.133333333333334,20,20,50,50,72,20,20,warning,video_header_decoded_frame_count_mismatch
62,'-wny0OAz3g8,2,'-wny0OAz3g8_2,"And because they couldn’t get these jobs, Black communities had more men out of work, higher rates of poverty, and more criminal behavior",-0.3333333432674408,Negative,60,D:\MCMM\23rd-MCMM\E-q\dataset\attachment_1_raw_multimodal_samples\mosei_raw_videos_100\-wny0OAz3g8\2.mp4,1,1365442,1825fb37db2e914fb616cd80aebd613afd873eecb7edd4d0b53158bfda0e522a,6.566666666666666,28,28,50,50,72,20,20,warning,video_header_decoded_frame_count_mismatch
63,'-wny0OAz3g8,5,'-wny0OAz3g8_5,"This is what’s now known as racial formation theory, a theory formalized by modern sociologists Michael Omi and Howard Winant",1.0,Positive,61,D:\MCMM\23rd-MCMM\E-q\dataset\attachment_1_raw_multimodal_samples\mosei_raw_videos_100\-wny0OAz3g8\5.mp4,1,1349104,6c6a8a4cba654b25190ab1793bfae81c3d2159ecd6cbc02d3fcbd598543acce0,6.8,23,23,50,50,72,20,20,warning,video_header_decoded_frame_count_mismatch
64,'-wny0OAz3g8,7,'-wny0OAz3g8_7,Omi and Winant argue that the concept of race came about as a tool to justify and maintain the economic and political power held by those of European descent,0.0,Neutral,62,D:\MCMM\23rd-MCMM\E-q\dataset\attachment_1_raw_multimodal_samples\mosei_raw_videos_100\-wny0OAz3g8\7.mp4,1,1016813,cbf9cac1048ce191aef781d0c4563eb97f9f3ddd52eb1f9551fa78d31d70e7cd,8.0,29,29,50,50,72,20,20,warning,video_header_decoded_frame_count_mismatch
65,'-wny0OAz3g8,9,'-wny0OAz3g8_9,"He explores why Black and White Americans tend to have such different outcomes in terms of income, education, and more",0.6666666865348816,Positive,63,D:\MCMM\23rd-MCMM\E-q\dataset\attachment_1_raw_multimodal_samples\mosei_raw_videos_100\-wny0OAz3g8\9.mp4,1,1322886,b76f70fe783ee76bf1b637137226c98e67d13a6b15ec725894175b36cd76a136,6.1,22,22,50,50,72,20,20,warning,video_header_decoded_frame_count_mismatch
66,'-571d8cVauQ,0,'-571d8cVauQ_0,"This is Rhett Reiger, White Caspian Studios on behalf of Expert Village.",0.0,Neutral,64,D:\MCMM\23rd-MCMM\E-q\dataset\attachment_1_raw_multimodal_samples\mosei_raw_videos_100\-571d8cVauQ\0.mp4,1,259577,defc62e1530d9b0cd27f2acfe042b71dd84d7e8c85f1df261f04912091976088,5.066666666666666,14,14,50,50,72,20,20,ok,
67,'-571d8cVauQ,5,'-571d8cVauQ_5,"So very important to go out to the locations, walk around, talk with the owners if you can, tell them what you're doing, build a little excitement, put a little glitz on there and let everybody knows this is a very valuable spot.",0.3333333432674408,Positive,65,D:\MCMM\23rd-MCMM\E-q\dataset\attachment_1_raw_multimodal_samples\mosei_raw_videos_100\-571d8cVauQ\5.mp4,1,813771,e304c03fac1f477823fe0926c4fb421b9c4e4091f85718b729afe856c24a7d3e,15.166666666666666,49,49,50,50,72,20,20,warning,video_header_decoded_frame_count_mismatch
68,'-I_e4mIh0yE,1,'-I_e4mIh0yE_1,In the United States we don't punish failure to the degree to which failure is punished in Europe.,-0.6666666865348816,Negative,66,D:\MCMM\23rd-MCMM\E-q\dataset\attachment_1_raw_multimodal_samples\mosei_raw_videos_100\-I_e4mIh0yE\1.mp4,1,487464,8453a966d4bd1f0179eb86a35cd34c0864a3a3bc2fa86f37783060cc0d14f5df,7.5,19,19,50,50,72,20,20,warning,video_header_decoded_frame_count_mismatch
69,'-I_e4mIh0yE,3,'-I_e4mIh0yE_3,"It's perceived that you have actually learned something, over the course of your carreer, and that you won't make the mistake twice.",0.6666666865348816,Positive,67,D:\MCMM\23rd-MCMM\E-q\dataset\attachment_1_raw_multimodal_samples\mosei_raw_videos_100\-I_e4mIh0yE\3.mp4,1,425914,a015f02ae51d74c42ad27e2a0831263a303f0658ac8d984819e27ad61342b23e,9.033333333333333,25,25,50,50,72,20,20,warning,video_header_decoded_frame_count_mismatch
70,'-UacrmKiTn4,10,'-UacrmKiTn4_10,"Because, if they are not in any way held accountable for reading the material they won't do it.",-0.6666666865348816,Negative,68,D:\MCMM\23rd-MCMM\E-q\dataset\attachment_1_raw_multimodal_samples\mosei_raw_videos_100\-UacrmKiTn4\10.mp4,1,486491,00312e0602dbeac970de5d7dd0e8a970e514fe45d7fe6625b4f454b299e36360,7.266666666666667,20,20,50,50,72,20,20,warning,video_header_decoded_frame_count_mismatch
71,'-UacrmKiTn4,4,'-UacrmKiTn4_4,Just given to their own devices they are not going to read the textbook.,-1.3333333730697632,Negative,69,D:\MCMM\23rd-MCMM\E-q\dataset\attachment_1_raw_multimodal_samples\mosei_raw_videos_100\-UacrmKiTn4\4.mp4,1,249701,a7f2ab0d6ee2e2a2d5cd4239f03e6cac67c618ddb744891323df3ff87e29af84,4.733333333333333,15,15,50,50,72,20,20,warning,video_header_decoded_frame_count_mismatch
72,'-hnBHBN8p5A,7,'-hnBHBN8p5A_7,"Picture this, before we actually start hacking, we’re in a room formal setting",0.6666666865348816,Positive,70,D:\MCMM\23rd-MCMM\E-q\dataset\attachment_1_raw_multimodal_samples\mosei_raw_videos_100\-hnBHBN8p5A\7.mp4,1,1409433,0ec6fb76226315d3fafbb483e3500e60cc8a6729617b10e4b4b76163595080fb,7.3406666666666665,17,17,50,50,72,20,20,warning,video_header_decoded_frame_count_mismatch
73,'-hnBHBN8p5A,6,'-hnBHBN8p5A_6,"Discussion, how to discuss ideas and opinions more effectively than a native speaker",1.0,Positive,71,D:\MCMM\23rd-MCMM\E-q\dataset\attachment_1_raw_multimodal_samples\mosei_raw_videos_100\-hnBHBN8p5A\6.mp4,1,1661111,997f6808ac3973ddd71800e91c8e10755c10b5037186d84348a79e00d672fdc7,6.38137189781022,14,14,50,50,72,20,20,warning,video_header_decoded_frame_count_mismatch
74,'-qDkUB0GgYY,6,'-qDkUB0GgYY_6,"We always love to hear what you say, and like and share this video as well.",1.3333333730697632,Positive,72,D:\MCMM\23rd-MCMM\E-q\dataset\attachment_1_raw_multimodal_samples\mosei_raw_videos_100\-qDkUB0GgYY\6.mp4,1,404331,ab19bf4a761d3919b7113b1104ccaadbbf0c4e7b45694904d094280a2c329c8b,4.666666666666667,18,18,50,50,72,20,20,warning,video_header_decoded_frame_count_mismatch
75,'-uywlfIYOS8,4,'-uywlfIYOS8_4,"And then from a brand point of view, we need to make sure we're driving the relevant insight.",0.3333333432674408,Positive,73,D:\MCMM\23rd-MCMM\E-q\dataset\attachment_1_raw_multimodal_samples\mosei_raw_videos_100\-uywlfIYOS8\4.mp4,1,557194,fde46f5222cf5cfec7af9c93214c972ce2d686b0bf9c90a291021601968986f9,5.966666666666667,20,20,50,50,72,20,20,warning,video_header_decoded_frame_count_mismatch
76,'-6rXp3zJ3kc,8,'-6rXp3zJ3kc_8,Many people are not until they get to be a older age and they realize that gosh they wasted a lot of time and money in placing bets on stock that's ultimately lost value.,-1.0,Negative,74,D:\MCMM\23rd-MCMM\E-q\dataset\attachment_1_raw_multimodal_samples\mosei_raw_videos_100\-6rXp3zJ3kc\8.mp4,1,567350,59b77a0f873b7fa95e7327b93d64bb5a4bdae84039321988ef70bba8e63ee1ae,12.8,35,35,50,50,72,20,20,warning,video_header_decoded_frame_count_mismatch
77,'-9y-fZ3swSY,0,'-9y-fZ3swSY_0,"is, you can say, hey I really like baby skin, they are so soft, they don’t have any hair on their face",1.0,Positive,75,D:\MCMM\23rd-MCMM\E-q\dataset\attachment_1_raw_multimodal_samples\mosei_raw_videos_100\-9y-fZ3swSY\0.mp4,1,965453,29a1fd181293cdbe24e50edcad51e3cc0f27a5824d840bcc39d453b272fb6e3c,6.833333333333333,28,28,50,50,72,20,20,ok,
78,'-9y-fZ3swSY,4,'-9y-fZ3swSY_4,I’ve seen this in US or in the US,0.0,Neutral,76,D:\MCMM\23rd-MCMM\E-q\dataset\attachment_1_raw_multimodal_samples\mosei_raw_videos_100\-9y-fZ3swSY\4.mp4,1,1486121,fe04a26710e85c58bdaad5a48618c7e0f742d82b0d920eb4a046c8f14a6921dc,2.7,11,11,50,50,72,20,20,warning,video_header_decoded_frame_count_mismatch
79,'-9y-fZ3swSY,8,'-9y-fZ3swSY_8,That’s a more decent and more polite way to call a lady,1.6666666269302368,Positive,77,D:\MCMM\23rd-MCMM\E-q\dataset\attachment_1_raw_multimodal_samples\mosei_raw_videos_100\-9y-fZ3swSY\8.mp4,1,1715052,6140d031e614b62a5d8df73346fef2417c28cee3501310aa95aa40d358b4b256,4.966666666666667,14,14,50,50,72,20,20,warning,video_header_decoded_frame_count_mismatch
80,'-AUZQgSxyPQ,2,'-AUZQgSxyPQ_2,"The perfect soul mate to the Clarisonic Spot Therapy Brush, this gentle, Ph balanced and hydrating exfoliant containing jojoba and acai fruit oils and bamboo and prickly bear extracts deliver intense healing, while smooth granules buff away dead, dry skin cells.",0.6666666865348816,Positive,78,D:\MCMM\23rd-MCMM\E-q\dataset\attachment_1_raw_multimodal_samples\mosei_raw_videos_100\-AUZQgSxyPQ\2.mp4,1,4550251,e09034b30bb4f8fb9f9c2568afc20f2a764e327fe6ef4e13f21804eaac51bb7b,22.466666666666665,46,46,50,50,72,20,20,warning,video_header_decoded_frame_count_mismatch
81,'-HeZS2-Prhc,2,'-HeZS2-Prhc_2,The August jobs report is out and it was seen overall as solid but not great.,0.6666666865348816,Positive,79,D:\MCMM\23rd-MCMM\E-q\dataset\attachment_1_raw_multimodal_samples\mosei_raw_videos_100\-HeZS2-Prhc\2.mp4,1,896960,edb0fa22fdfbd990c8174764af78670bd2ecad799240d35d96a1124a3cd9dc0c,8.2,17,17,50,50,72,20,20,warning,video_header_decoded_frame_count_mismatch
82,'-MeTTeMJBNc,0,'-MeTTeMJBNc_0,"Okay, what happens at this point after we've taken this brief walk down memory lane, is the presentation of the gift.",0.3333333432674408,Positive,80,D:\MCMM\23rd-MCMM\E-q\dataset\attachment_1_raw_multimodal_samples\mosei_raw_videos_100\-MeTTeMJBNc\0.mp4,1,350827,54e2097f7bdb455d243e72254e5af7ed16160739f2f3cfd22f57d2729ec1acbe,9.3,24,24,50,50,72,20,20,ok,
83,'-MeTTeMJBNc,13,'-MeTTeMJBNc_13,"It just needs to be a simple statement, and then you present the gift.",0.3333333432674408,Positive,81,D:\MCMM\23rd-MCMM\E-q\dataset\attachment_1_raw_multimodal_samples\mosei_raw_videos_100\-MeTTeMJBNc\13.mp4,1,271826,80c5d996e5d7b61c58e1fe32d706efcaf80c8c8cddb5c37a5c66d527786c2a44,5.3,16,16,50,50,72,20,20,warning,video_header_decoded_frame_count_mismatch
84,'-MeTTeMJBNc,7,'-MeTTeMJBNc_7,"Maybe you could find a picture of the couple from their wedding or sometime in their life, or maybe even a current picture and have it put in a beautiful frame.",1.3333333730697632,Positive,82,D:\MCMM\23rd-MCMM\E-q\dataset\attachment_1_raw_multimodal_samples\mosei_raw_videos_100\-MeTTeMJBNc\7.mp4,1,632477,40716dc7402fd6398038eded58ce939ec76be6afbeea346b968bf4c427088f3a,10.466666666666667,33,33,50,50,72,20,20,warning,video_header_decoded_frame_count_mismatch
85,'-RfYyzHpjk4,11,'-RfYyzHpjk4_11,"So get your friends lined up, get your business colleagues lined up and have a good time.",2.0,Positive,83,D:\MCMM\23rd-MCMM\E-q\dataset\attachment_1_raw_multimodal_samples\mosei_raw_videos_100\-RfYyzHpjk4\11.mp4,1,2061678,96e481cd732001239639c8cb4e7f94e570925e5a15940920ffab0cec1f13f904,5.133333333333334,19,19,50,50,72,20,20,warning,video_header_decoded_frame_count_mismatch
86,'-RfYyzHpjk4,8,'-RfYyzHpjk4_8,"It's pretty, pretty easy to do but you got to set up those numbers ahead of time.",0.3333333432674408,Positive,84,D:\MCMM\23rd-MCMM\E-q\dataset\attachment_1_raw_multimodal_samples\mosei_raw_videos_100\-RfYyzHpjk4\8.mp4,1,2256195,ed8c672c532b8c7d1c830c82d6e2c14fcb3bbd3dc1a86670a03a6c8e83c02f3c,4.566666666666666,19,19,50,50,72,20,20,warning,video_header_decoded_frame_count_mismatch
87,'-RfYyzHpjk4,2,'-RfYyzHpjk4_2,"You can make a conference call but it takes quite a bit of planning, well not a lot of planning it's pretty easy to do.",0.3333333432674408,Positive,85,D:\MCMM\23rd-MCMM\E-q\dataset\attachment_1_raw_multimodal_samples\mosei_raw_videos_100\-RfYyzHpjk4\2.mp4,1,1138330,5e428ee22de58c9d6561b9b4353bef9dfb811a5841d9ab07b5bc453d697ad17f,5.466666666666667,27,27,50,50,72,20,20,warning,video_header_decoded_frame_count_mismatch
88,'-UUCSKoHeMA,0,'-UUCSKoHeMA_0,"I mentioned a word in the last clip called 'monotone', and I want to talk about that briefly.",0.0,Neutral,86,D:\MCMM\23rd-MCMM\E-q\dataset\attachment_1_raw_multimodal_samples\mosei_raw_videos_100\-UUCSKoHeMA\0.mp4,1,286208,3f9792888ec8e969f61cfb6cb4de7bdf7ef8944afe0a9d2a9d13586e1f13b898,7.8,22,22,50,50,72,20,20,ok,
89,'-ri04Z7vwnc,0,'-ri04Z7vwnc_0,going to get married or are already married,0.0,Neutral,87,D:\MCMM\23rd-MCMM\E-q\dataset\attachment_1_raw_multimodal_samples\mosei_raw_videos_100\-ri04Z7vwnc\0.mp4,1,188321,93021c70c8fad20ad3fded80e7fc790a2f9c96835de58a3b694c6906de42684b,2.794455977496484,8,8,50,50,72,20,20,warning,video_header_decoded_frame_count_mismatch
90,'-ri04Z7vwnc,2,'-ri04Z7vwnc_2,"most people think it'll sort itself out, ""we'll discuss it later,"" it's not something too important",-0.3333333432674408,Negative,88,D:\MCMM\23rd-MCMM\E-q\dataset\attachment_1_raw_multimodal_samples\mosei_raw_videos_100\-ri04Z7vwnc\2.mp4,1,460082,f5993ce3a6ee56298462c08692a96f78c7d914d7264257ed401de7d6e17fd148,5.96428688085676,20,20,50,50,72,20,20,warning,video_header_decoded_frame_count_mismatch
91,'-ri04Z7vwnc,5,'-ri04Z7vwnc_5,""" So I think it's important to discuss finances",0.3333333432674408,Positive,89,D:\MCMM\23rd-MCMM\E-q\dataset\attachment_1_raw_multimodal_samples\mosei_raw_videos_100\-ri04Z7vwnc\5.mp4,1,550439,2a5e4319bf592a18c8eb5117f7c7ec30c6c79528f9eac9fe4fb85bf70f277736,3.461788419405321,9,9,50,50,72,20,20,warning,video_header_decoded_frame_count_mismatch
92,'-s9qJ7ATP7w,1,'-s9qJ7ATP7w_1,"But the hardest thing in life to learn, is to lose",0.6666666865348816,Positive,90,D:\MCMM\23rd-MCMM\E-q\dataset\attachment_1_raw_multimodal_samples\mosei_raw_videos_100\-s9qJ7ATP7w\1.mp4,1,1431603,a33e8f82a185bcb7648b523927308cdc2142e3076479ba2b45cd0e828636fc09,4.666666666666667,12,12,50,50,72,20,20,warning,video_header_decoded_frame_count_mismatch
93,'-s9qJ7ATP7w,0,'-s9qJ7ATP7w_0,"they have doubt, they have fear, they lose in a Ferrari race, or they lose in a race, and then they just give up",-0.3333333432674408,Negative,91,D:\MCMM\23rd-MCMM\E-q\dataset\attachment_1_raw_multimodal_samples\mosei_raw_videos_100\-s9qJ7ATP7w\0.mp4,1,890272,f2324dbc6debe0d1e4254e6f943523373e3cbb30d8d0555413ce3a7b370a4af5,6.8,28,28,50,50,72,20,20,ok,
94,'-s9qJ7ATP7w,5,'-s9qJ7ATP7w_5,"I have been beat up and put down and everything that can go wrong, has gone wrong for me",-2.0,Negative,92,D:\MCMM\23rd-MCMM\E-q\dataset\attachment_1_raw_multimodal_samples\mosei_raw_videos_100\-s9qJ7ATP7w\5.mp4,1,1432255,bd35eb8de64ce1f8b27921294598f7cf5bb971255738f51d06458c7096c58eae,8.433333333333334,20,20,50,50,72,20,20,warning,video_header_decoded_frame_count_mismatch
95,'-s9qJ7ATP7w,4,'-s9qJ7ATP7w_4,"I have lost at everything you can imagine, seriously",0.0,Neutral,93,D:\MCMM\23rd-MCMM\E-q\dataset\attachment_1_raw_multimodal_samples\mosei_raw_videos_100\-s9qJ7ATP7w\4.mp4,1,639360,76e0672ffce5857a789b41fb10606402f7da58c33579b1032a8282f86fb35bc9,4.3,10,10,50,50,72,20,20,warning,video_header_decoded_frame_count_mismatch
96,'-s9qJ7ATP7w,7,'-s9qJ7ATP7w_7,"I used to work for Warren Avis, the guy who started Avis Rent a Car, and he said to me one day, ""Robert, ""what's the purpose of business",1.0,Positive,94,D:\MCMM\23rd-MCMM\E-q\dataset\attachment_1_raw_multimodal_samples\mosei_raw_videos_100\-s9qJ7ATP7w\7.mp4,1,1601944,5301f4403cf7cd299cc525d2f443392ac70fd70c3c9cd4a09406f2ba4df6734d,6.9,34,34,50,50,72,20,20,warning,video_header_decoded_frame_count_mismatch
97,'-s9qJ7ATP7w,6,'-s9qJ7ATP7w_6,But I just kept going,0.0,Neutral,95,D:\MCMM\23rd-MCMM\E-q\dataset\attachment_1_raw_multimodal_samples\mosei_raw_videos_100\-s9qJ7ATP7w\6.mp4,1,839808,40b684fd1b4559f0f82e72f9b47f4ce7c5e15059fe8d0d8ab112637cd3386451,2.3666666666666667,5,5,49,50,72,20,20,warning,video_header_decoded_frame_count_mismatch;audio_partial_window_coverage
98,'-s9qJ7ATP7w,8,'-s9qJ7ATP7w_8,""" And I said, ""Oh, make a profit, and all these other things",1.3333333730697632,Positive,96,D:\MCMM\23rd-MCMM\E-q\dataset\attachment_1_raw_multimodal_samples\mosei_raw_videos_100\-s9qJ7ATP7w\8.mp4,1,781494,1de4d91bd9d9fb508a3779658747da88460db0bdb1beefe7ea5b2c77edfd2239,3.2333333333333334,17,17,50,50,72,20,20,warning,video_header_decoded_frame_count_mismatch
99,'-yRb-Jum7EQ,1,'-yRb-Jum7EQ_1,"it comes with the assistance and agitation of states and regimes, Yesterday Iran announced that it will finance the families of the terrorists and murderers this shows that Iran, even after the nuclear agreement, is continuing to aid terrorism, including Palestinian terrorism, Hezbollah terrorism and its assistance to Hamas.",0.0,Neutral,97,D:\MCMM\23rd-MCMM\E-q\dataset\attachment_1_raw_multimodal_samples\mosei_raw_videos_100\-yRb-Jum7EQ\1.mp4,1,5017520,2f16da1baa8660e5bfc608f5237cdd59725d16e57a19bc02c4556cd2c7129a46,29.166666666666668,55,50,50,50,72,20,20,warning,video_header_decoded_frame_count_mismatch
100,'-yRb-Jum7EQ,5,'-yRb-Jum7EQ_5,"Yesterday Eliav Gelman lost his life in another terrorist attack, not by the students of terrorism, but by those who teach terrorism, a Palestinian teacher.",-0.6666666865348816,Negative,98,D:\MCMM\23rd-MCMM\E-q\dataset\attachment_1_raw_multimodal_samples\mosei_raw_videos_100\-yRb-Jum7EQ\5.mp4,1,1599984,6d6145293cf84d1fc8324dfa8d39465e2d7fc07affb67ff68deeabf6e3c410d9,13.133333333333333,29,29,50,50,72,20,20,warning,video_header_decoded_frame_count_mismatch
101,'-yRb-Jum7EQ,6,'-yRb-Jum7EQ_6,"Therefore, the world needs to stand with Israel against this incitement, which is the number one cause of terrorism.",0.0,Neutral,99,D:\MCMM\23rd-MCMM\E-q\dataset\attachment_1_raw_multimodal_samples\mosei_raw_videos_100\-yRb-Jum7EQ\6.mp4,1,1779127,b51eb9ad06de804934cb6a315de591ba9ff7f8aa71bffff7f8001ab29945d989,11.2,22,22,50,50,72,20,20,warning,video_header_decoded_frame_count_mismatch
