sample_id,split,modality,start_index,end_index,impact_score,is_top_k
01,attachment4,text,0,6,0.03499549627304077,True
01,attachment4,text,7,13,0.034956302493810654,False
01,attachment4,text,14,20,0.04781545326113701,True
01,attachment4,text,21,27,0.038377415388822556,False
01,attachment4,text,28,34,0.04055051505565643,True
01,attachment4,text,35,41,0.03495858237147331,False
01,attachment4,text,42,48,0.004590662196278572,False
01,attachment4,text,49,49,9.32677648961544e-05,False
01,attachment4,audio,0,6,0.027078092098236084,False
01,attachment4,audio,7,13,0.03018074296414852,True
01,attachment4,audio,14,20,0.030170733109116554,False
01,attachment4,audio,21,27,0.0021177632734179497,True
01,attachment4,audio,28,34,0.0008428893052041531,False
01,attachment4,audio,35,41,0.00044141989201307297,False
01,attachment4,audio,42,48,0.000729480292648077,True
01,attachment4,audio,49,49,0.0005044606514275074,False
01,attachment4,vision,0,6,0.0011402261443436146,False
01,attachment4,vision,7,13,0.006898117251694202,True
01,attachment4,vision,14,20,0.002183102536946535,False
01,attachment4,vision,21,27,0.00789403636008501,False
01,attachment4,vision,28,34,0.014126453548669815,True
01,attachment4,vision,35,41,0.014119962230324745,False
01,attachment4,vision,42,48,0.014346946962177753,True
01,attachment4,vision,49,49,0.0018215118907392025,False
02,attachment4,text,0,6,0.02254607528448105,False
02,attachment4,text,7,13,0.09741479158401489,True
02,attachment4,text,14,20,0.009189091622829437,False
02,attachment4,text,21,27,0.06501147150993347,True
02,attachment4,text,28,34,0.06368832290172577,False
02,attachment4,text,35,41,0.0615074560046196,True
02,attachment4,text,42,48,0.02518024668097496,False
02,attachment4,text,49,49,0.0028310383204370737,False
02,attachment4,audio,0,6,0.036762237548828125,True
02,attachment4,audio,7,13,0.03142490237951279,False
02,attachment4,audio,14,20,0.04572431743144989,False
02,attachment4,audio,21,27,0.04621479660272598,True
02,attachment4,audio,28,34,0.0459631010890007,False
02,attachment4,audio,35,41,0.046093180775642395,True
02,attachment4,audio,42,48,0.04596278816461563,False
02,attachment4,audio,49,49,0.005900386720895767,False
02,attachment4,vision,0,6,0.049370650202035904,False
02,attachment4,vision,7,13,0.054168589413166046,True
02,attachment4,vision,14,20,0.04801855981349945,False
02,attachment4,vision,21,27,0.008759374730288982,True
02,attachment4,vision,28,34,0.008707650005817413,False
02,attachment4,vision,35,41,0.008614330552518368,False
02,attachment4,vision,42,48,0.008681103587150574,True
02,attachment4,vision,49,49,0.0009959049057215452,False
03,attachment4,text,0,6,0.012928556650876999,False
03,attachment4,text,7,13,0.08449909836053848,False
03,attachment4,text,14,20,0.12385858595371246,True
03,attachment4,text,21,27,0.07373439520597458,False
03,attachment4,text,28,34,0.03945093974471092,True
03,attachment4,text,35,41,0.018271375447511673,False
03,attachment4,text,42,48,0.10416534543037415,True
03,attachment4,text,49,49,0.030543802306056023,False
03,attachment4,audio,0,6,0.06474566459655762,True
03,attachment4,audio,7,13,0.0006711255991831422,False
03,attachment4,audio,14,20,0.060106221586465836,True
03,attachment4,audio,21,27,0.028843313455581665,False
03,attachment4,audio,28,34,0.03969249501824379,False
03,attachment4,audio,35,41,0.07096828520298004,True
03,attachment4,audio,42,48,0.07027607411146164,False
03,attachment4,audio,49,49,0.00812117662280798,False
03,attachment4,vision,0,6,0.026721592992544174,False
03,attachment4,vision,7,13,0.039951857179403305,True
03,attachment4,vision,14,20,0.016518959775567055,False
03,attachment4,vision,21,27,0.009950010105967522,True
03,attachment4,vision,28,34,0.001476215198636055,False
03,attachment4,vision,35,41,0.025971366092562675,False
03,attachment4,vision,42,48,0.026152795180678368,True
03,attachment4,vision,49,49,0.003844144521281123,False
04,attachment4,text,0,6,0.053706828504800797,True
04,attachment4,text,7,13,0.01834098994731903,False
04,attachment4,text,14,20,0.1243135929107666,True
04,attachment4,text,21,27,0.025887073948979378,False
04,attachment4,text,28,34,0.017305675894021988,False
04,attachment4,text,35,41,0.013553928583860397,False
04,attachment4,text,42,48,0.12299486994743347,True
04,attachment4,text,49,49,0.0007399353198707104,False
04,attachment4,audio,0,6,0.06529708951711655,True
04,attachment4,audio,7,13,0.048935599625110626,False
04,attachment4,audio,14,20,0.004704114515334368,False
04,attachment4,audio,21,27,0.021474208682775497,True
04,attachment4,audio,28,34,0.033813945949077606,False
04,attachment4,audio,35,41,0.03395027667284012,True
04,attachment4,audio,42,48,0.03388379514217377,False
04,attachment4,audio,49,49,0.004251454956829548,False
04,attachment4,vision,0,6,0.04042116180062294,True
04,attachment4,vision,7,13,0.0055677155032753944,False
04,attachment4,vision,14,20,0.03369101136922836,True
04,attachment4,vision,21,27,0.02643439546227455,False
04,attachment4,vision,28,34,0.020436342805624008,False
04,attachment4,vision,35,41,0.020504560321569443,True
04,attachment4,vision,42,48,0.020395543426275253,False
04,attachment4,vision,49,49,0.0030386007856577635,False
05,attachment4,text,0,6,0.016025960445404053,False
05,attachment4,text,7,13,0.04256496950984001,True
05,attachment4,text,14,20,0.0021121669560670853,False
05,attachment4,text,21,27,0.004980132915079594,True
05,attachment4,text,28,34,0.01317190658301115,False
05,attachment4,text,35,41,0.013543685898184776,True
05,attachment4,text,42,48,0.0070094335824251175,False
05,attachment4,text,49,49,0.0007357323192991316,False
05,attachment4,audio,0,6,0.009357130154967308,False
05,attachment4,audio,7,13,0.0033966335467994213,False
05,attachment4,audio,14,20,0.010914680548012257,True
05,attachment4,audio,21,27,0.014038989320397377,False
05,attachment4,audio,28,34,0.014302162453532219,True
05,attachment4,audio,35,41,0.014203930273652077,False
05,attachment4,audio,42,48,0.01426122710108757,True
05,attachment4,audio,49,49,0.0018820513505488634,False
05,attachment4,vision,0,6,0.03220578283071518,True
05,attachment4,vision,7,13,0.011269699782133102,False
05,attachment4,vision,14,20,0.02142244204878807,True
05,attachment4,vision,21,27,0.012960921972990036,False
05,attachment4,vision,28,34,0.013023238629102707,False
05,attachment4,vision,35,41,0.012821710668504238,False
05,attachment4,vision,42,48,0.013567278161644936,True
05,attachment4,vision,49,49,0.0017240468878298998,False
06,attachment4,text,0,6,0.051431804895401,True
06,attachment4,text,7,13,0.03304878994822502,False
06,attachment4,text,14,20,0.01957187056541443,False
06,attachment4,text,21,27,0.008687485009431839,False
06,attachment4,text,28,34,0.05009213089942932,True
06,attachment4,text,35,41,0.03114006295800209,False
06,attachment4,text,42,48,0.04344186559319496,True
06,attachment4,text,49,49,0.005864416249096394,False
06,attachment4,audio,0,6,0.0043142326176166534,False
06,attachment4,audio,7,13,0.008819476701319218,True
06,attachment4,audio,14,20,0.0033180098980665207,False
06,attachment4,audio,21,27,0.006866811774671078,True
06,attachment4,audio,28,34,0.006744304671883583,False
06,attachment4,audio,35,41,0.03080791048705578,False
06,attachment4,audio,42,48,0.0380190871655941,True
06,attachment4,audio,49,49,0.007026230450719595,False
06,attachment4,vision,0,6,0.02200429141521454,True
06,attachment4,vision,7,13,0.02447211928665638,False
06,attachment4,vision,14,20,0.027071941643953323,True
06,attachment4,vision,21,27,0.030869413167238235,False
06,attachment4,vision,28,34,0.032821860164403915,True
06,attachment4,vision,35,41,0.01088280975818634,False
06,attachment4,vision,42,48,0.006729430519044399,False
06,attachment4,vision,49,49,0.0016198046505451202,False
07,attachment4,text,0,6,0.08272730559110641,True
07,attachment4,text,7,13,0.05601098760962486,False
07,attachment4,text,14,20,0.0012299232184886932,False
07,attachment4,text,21,27,0.03536844998598099,True
07,attachment4,text,28,34,0.00446952972561121,False
07,attachment4,text,35,41,0.06263907998800278,True
07,attachment4,text,42,48,0.051187630742788315,False
07,attachment4,text,49,49,0.007156761363148689,False
07,attachment4,audio,0,6,0.04850731045007706,False
07,attachment4,audio,7,13,0.05772298946976662,True
07,attachment4,audio,14,20,0.015858737751841545,False
07,attachment4,audio,21,27,0.05449758470058441,True
07,attachment4,audio,28,34,0.04186105355620384,False
07,attachment4,audio,35,41,0.045548588037490845,True
07,attachment4,audio,42,48,0.04192979261279106,False
07,attachment4,audio,49,49,0.009067649953067303,False
07,attachment4,vision,0,6,0.029742565006017685,False
07,attachment4,vision,7,13,0.050748590379953384,True
07,attachment4,vision,14,20,0.04655379801988602,False
07,attachment4,vision,21,27,0.04540548473596573,True
07,attachment4,vision,28,34,0.03784114494919777,False
07,attachment4,vision,35,41,0.035324957221746445,False
07,attachment4,vision,42,48,0.03978389874100685,True
07,attachment4,vision,49,49,0.017724329605698586,False
08,attachment4,text,0,6,0.0522899404168129,True
08,attachment4,text,7,13,0.005626162979751825,False
08,attachment4,text,14,20,0.010961569845676422,False
08,attachment4,text,21,27,0.030373429879546165,True
08,attachment4,text,28,34,0.026649918407201767,False
08,attachment4,text,35,41,0.018271848559379578,True
08,attachment4,text,42,48,0.004251730628311634,False
08,attachment4,text,49,49,0.003017561975866556,False
08,attachment4,audio,0,6,0.011615056544542313,False
08,attachment4,audio,7,13,0.02660440094769001,True
08,attachment4,audio,14,20,0.032879605889320374,False
08,attachment4,audio,21,27,0.03339243680238724,True
08,attachment4,audio,28,34,0.03302787244319916,False
08,attachment4,audio,35,41,0.033073343336582184,False
08,attachment4,audio,42,48,0.03308597207069397,True
08,attachment4,audio,49,49,0.005031050182878971,False
08,attachment4,vision,0,6,0.05240703746676445,False
08,attachment4,vision,7,13,0.05171995609998703,False
08,attachment4,vision,14,20,0.0625123679637909,True
08,attachment4,vision,21,27,0.062125835567712784,False
08,attachment4,vision,28,34,0.06200917437672615,True
08,attachment4,vision,35,41,0.06197847053408623,False
08,attachment4,vision,42,48,0.06263332813978195,True
08,attachment4,vision,49,49,0.010579390451312065,False
09,attachment4,text,0,6,0.007360201794654131,False
09,attachment4,text,7,13,0.013290164060890675,True
09,attachment4,text,14,20,0.06638459861278534,False
09,attachment4,text,21,27,0.07684071362018585,True
09,attachment4,text,28,34,0.030928703024983406,False
09,attachment4,text,35,41,0.084506556391716,False
09,attachment4,text,42,48,0.12809094786643982,True
09,attachment4,text,49,49,0.013689202256500721,False
09,attachment4,audio,0,6,0.067410409450531,True
09,attachment4,audio,7,13,0.03398533910512924,False
09,attachment4,audio,14,20,0.05248759314417839,True
09,attachment4,audio,21,27,0.02245049551129341,False
09,attachment4,audio,28,34,0.022427786141633987,True
09,attachment4,audio,35,41,0.022379692643880844,False
09,attachment4,audio,42,48,0.022381341084837914,False
09,attachment4,audio,49,49,0.003649003803730011,False
09,attachment4,vision,0,6,0.027674568817019463,False
09,attachment4,vision,7,13,0.05258867144584656,True
09,attachment4,vision,14,20,0.030290277674794197,False
09,attachment4,vision,21,27,0.010240137577056885,True
09,attachment4,vision,28,34,0.010113917291164398,False
09,attachment4,vision,35,41,0.010522606782615185,True
09,attachment4,vision,42,48,0.010265586897730827,False
09,attachment4,vision,49,49,0.0013138941721990705,False
10,attachment4,text,0,6,0.07070931047201157,True
10,attachment4,text,7,13,0.03843340277671814,False
10,attachment4,text,14,20,0.06649895757436752,False
10,attachment4,text,21,27,0.08272723853588104,True
10,attachment4,text,28,34,0.17411044239997864,False
10,attachment4,text,35,41,0.20638437569141388,True
10,attachment4,text,42,48,0.07161400467157364,False
10,attachment4,text,49,49,0.02021614834666252,False
10,attachment4,audio,0,6,0.08340385556221008,False
10,attachment4,audio,7,13,0.10362796485424042,True
10,attachment4,audio,14,20,0.07920539379119873,False
10,attachment4,audio,21,27,0.13549908995628357,True
10,attachment4,audio,28,34,0.07716203480958939,False
10,attachment4,audio,35,41,0.04259691759943962,True
10,attachment4,audio,42,48,0.04245670884847641,False
10,attachment4,audio,49,49,0.00584108941257,False
10,attachment4,vision,0,6,0.09313066303730011,True
10,attachment4,vision,7,13,0.06202498450875282,False
10,attachment4,vision,14,20,0.05605216324329376,False
10,attachment4,vision,21,27,0.06484575569629669,True
10,attachment4,vision,28,34,0.026699233800172806,False
10,attachment4,vision,35,41,0.014432732947170734,True
10,attachment4,vision,42,48,0.0141676040366292,False
10,attachment4,vision,49,49,0.0011336725438013673,False
11,attachment4,text,0,6,0.13389313220977783,True
11,attachment4,text,7,13,0.0704941600561142,False
11,attachment4,text,14,20,0.16469167172908783,True
11,attachment4,text,21,27,0.12763144075870514,False
11,attachment4,text,28,34,0.09509015083312988,False
11,attachment4,text,35,41,0.03935821354389191,False
11,attachment4,text,42,48,0.12027765810489655,True
11,attachment4,text,49,49,0.018352193757891655,False
11,attachment4,audio,0,6,0.019186777994036674,False
11,attachment4,audio,7,13,0.008803718723356724,False
11,attachment4,audio,14,20,0.06199685111641884,True
11,attachment4,audio,21,27,0.060709286481142044,False
11,attachment4,audio,28,34,0.0603775791823864,True
11,attachment4,audio,35,41,0.060090094804763794,False
11,attachment4,audio,42,48,0.06069468706846237,True
11,attachment4,audio,49,49,0.010060139000415802,False
11,attachment4,vision,0,6,0.029162166640162468,False
11,attachment4,vision,7,13,0.045919351279735565,True
11,attachment4,vision,14,20,0.011628109961748123,False
11,attachment4,vision,21,27,0.00809016078710556,False
11,attachment4,vision,28,34,0.008126523345708847,True
11,attachment4,vision,35,41,0.007999411784112453,False
11,attachment4,vision,42,48,0.00788046233355999,True
11,attachment4,vision,49,49,0.000821727910079062,False
12,attachment4,text,0,6,0.02238314412534237,False
12,attachment4,text,7,13,0.04179295152425766,True
12,attachment4,text,14,20,0.09460235387086868,False
12,attachment4,text,21,27,0.12203069031238556,True
12,attachment4,text,28,34,0.03341551497578621,False
12,attachment4,text,35,41,0.07207126915454865,False
12,attachment4,text,42,48,0.07579324394464493,True
12,attachment4,text,49,49,0.0041394708678126335,False
12,attachment4,audio,0,6,0.06038615107536316,False
12,attachment4,audio,7,13,0.06869769096374512,True
12,attachment4,audio,14,20,0.06214802339673042,False
12,attachment4,audio,21,27,0.05729945749044418,False
12,attachment4,audio,28,34,0.08416296541690826,True
12,attachment4,audio,35,41,0.037999678403139114,False
12,attachment4,audio,42,48,0.04453864321112633,True
12,attachment4,audio,49,49,0.006310941185802221,False
12,attachment4,vision,0,6,0.022132577374577522,False
12,attachment4,vision,7,13,0.023296602070331573,True
12,attachment4,vision,14,20,0.014574489556252956,False
12,attachment4,vision,21,27,0.02579480968415737,True
12,attachment4,vision,28,34,0.02378890849649906,False
12,attachment4,vision,35,41,0.028605196624994278,True
12,attachment4,vision,42,48,0.010484017431735992,False
12,attachment4,vision,49,49,0.0009413606021553278,False
13,attachment4,text,0,6,0.015654543414711952,False
13,attachment4,text,7,13,0.03214967995882034,True
13,attachment4,text,14,20,0.009053988382220268,False
13,attachment4,text,21,27,0.010590153746306896,False
13,attachment4,text,28,34,0.02973242849111557,True
13,attachment4,text,35,41,0.026937155053019524,False
13,attachment4,text,42,48,0.020066795870661736,True
13,attachment4,text,49,49,0.0012407214380800724,False
13,attachment4,audio,0,6,0.012705760076642036,False
13,attachment4,audio,7,13,0.0029134033247828484,False
13,attachment4,audio,14,20,0.015489195473492146,True
13,attachment4,audio,21,27,0.010345103219151497,False
13,attachment4,audio,28,34,0.024672415107488632,True
13,attachment4,audio,35,41,0.04081646725535393,False
13,attachment4,audio,42,48,0.0410919226706028,True
13,attachment4,audio,49,49,0.005821260157972574,False
13,attachment4,vision,0,6,0.009740347974002361,False
13,attachment4,vision,7,13,0.01018329057842493,True
13,attachment4,vision,14,20,0.010126851499080658,False
13,attachment4,vision,21,27,0.010208040475845337,True
13,attachment4,vision,28,34,0.010120806284248829,False
13,attachment4,vision,35,41,0.009868267923593521,False
13,attachment4,vision,42,48,0.010267427191138268,True
13,attachment4,vision,49,49,0.00186317996121943,False
14,attachment4,text,0,6,0.019031327217817307,True
14,attachment4,text,7,13,0.011927001178264618,False
14,attachment4,text,14,20,0.010586701333522797,False
14,attachment4,text,21,27,0.016067463904619217,False
14,attachment4,text,28,34,0.02312752977013588,True
14,attachment4,text,35,41,0.016134213656187057,False
14,attachment4,text,42,48,0.03189665824174881,True
14,attachment4,text,49,49,0.006237774156033993,False
14,attachment4,audio,0,6,0.06261587142944336,True
14,attachment4,audio,7,13,0.05872352421283722,False
14,attachment4,audio,14,20,0.07872754335403442,True
14,attachment4,audio,21,27,0.07601361721754074,False
14,attachment4,audio,28,34,0.06928148865699768,True
14,attachment4,audio,35,41,0.02692517079412937,False
14,attachment4,audio,42,48,0.02121591940522194,False
14,attachment4,audio,49,49,0.0019353644456714392,False
14,attachment4,vision,0,6,0.0395585373044014,True
14,attachment4,vision,7,13,0.05319768190383911,False
14,attachment4,vision,14,20,0.08429257571697235,True
14,attachment4,vision,21,27,0.07989180833101273,False
14,attachment4,vision,28,34,0.08350951224565506,True
14,attachment4,vision,35,41,0.0033463966101408005,False
14,attachment4,vision,42,48,0.012855319306254387,False
14,attachment4,vision,49,49,0.001752201234921813,False
15,attachment4,text,0,6,0.005804531276226044,True
15,attachment4,text,7,13,0.0028611875604838133,False
15,attachment4,text,14,20,0.004853755235671997,False
15,attachment4,text,21,27,0.003558033611625433,False
15,attachment4,text,28,34,0.04834744334220886,True
15,attachment4,text,35,41,0.015001010149717331,False
15,attachment4,text,42,48,0.008025161921977997,True
15,attachment4,text,49,49,0.0007964079850353301,False
15,attachment4,audio,0,6,0.0057158442214131355,False
15,attachment4,audio,7,13,0.020791485905647278,True
15,attachment4,audio,14,20,0.019786348566412926,False
15,attachment4,audio,21,27,0.0327422209084034,False
15,attachment4,audio,28,34,0.04138078913092613,True
15,attachment4,audio,35,41,0.04142449051141739,False
15,attachment4,audio,42,48,0.04168062284588814,True
15,attachment4,audio,49,49,0.0058537498116493225,False
15,attachment4,vision,0,6,0.009698165580630302,True
15,attachment4,vision,7,13,0.0015660310164093971,False
15,attachment4,vision,14,20,0.0029701257590204477,False
15,attachment4,vision,21,27,0.02932606264948845,False
15,attachment4,vision,28,34,0.03781800717115402,True
15,attachment4,vision,35,41,0.03764910250902176,False
15,attachment4,vision,42,48,0.03805762901902199,True
15,attachment4,vision,49,49,0.005514601245522499,False
16,attachment4,text,0,6,0.024222481995821,False
16,attachment4,text,7,13,0.02458333596587181,False
16,attachment4,text,14,20,0.03267481550574303,True
16,attachment4,text,21,27,0.02769973874092102,False
16,attachment4,text,28,34,0.02616242691874504,True
16,attachment4,text,35,41,0.028907235711812973,False
16,attachment4,text,42,48,0.03623277693986893,True
16,attachment4,text,49,49,0.003801940707489848,False
16,attachment4,audio,0,6,0.014545312151312828,True
16,attachment4,audio,7,13,0.008480147458612919,False
16,attachment4,audio,14,20,0.008733470924198627,False
16,attachment4,audio,21,27,0.008819477632641792,True
16,attachment4,audio,28,34,0.008785432204604149,False
16,attachment4,audio,35,41,0.00878874957561493,True
16,attachment4,audio,42,48,0.008779395371675491,False
16,attachment4,audio,49,49,0.0016289247432723641,False
16,attachment4,vision,0,6,0.03076872043311596,True
16,attachment4,vision,7,13,0.025849420577287674,False
16,attachment4,vision,14,20,0.007560872472822666,True
16,attachment4,vision,21,27,0.00754887517541647,False
16,attachment4,vision,28,34,0.007623679935932159,False
16,attachment4,vision,35,41,0.007712438236922026,True
16,attachment4,vision,42,48,0.007640019059181213,False
16,attachment4,vision,49,49,0.001237519783899188,False
17,attachment4,text,0,6,0.021400704979896545,True
17,attachment4,text,7,13,0.034688279032707214,False
17,attachment4,text,14,20,0.042718857526779175,True
17,attachment4,text,21,27,0.02012680098414421,False
17,attachment4,text,28,34,0.020753251388669014,True
17,attachment4,text,35,41,0.009631220251321793,False
17,attachment4,text,42,48,0.011480744928121567,False
17,attachment4,text,49,49,0.0034860693849623203,False
17,attachment4,audio,0,6,0.019796891137957573,False
17,attachment4,audio,7,13,0.013700534589588642,False
17,attachment4,audio,14,20,0.022610515356063843,True
17,attachment4,audio,21,27,0.028434807434678078,False
17,attachment4,audio,28,34,0.04616405814886093,True
17,attachment4,audio,35,41,0.046054158359766006,False
17,attachment4,audio,42,48,0.04635441675782204,True
17,attachment4,audio,49,49,0.007030968554317951,False
17,attachment4,vision,0,6,0.02126941829919815,False
17,attachment4,vision,7,13,0.023672398179769516,True
17,attachment4,vision,14,20,0.010890939272940159,False
17,attachment4,vision,21,27,0.01502307690680027,True
17,attachment4,vision,28,34,0.015012414194643497,False
17,attachment4,vision,35,41,0.014874331653118134,False
17,attachment4,vision,42,48,0.015196168795228004,True
17,attachment4,vision,49,49,0.002230794867500663,False
18,attachment4,text,0,6,0.028206810355186462,True
18,attachment4,text,7,13,0.02033771574497223,False
18,attachment4,text,14,20,0.02806565910577774,False
18,attachment4,text,21,27,0.04936112463474274,True
18,attachment4,text,28,34,0.1560385376214981,False
18,attachment4,text,35,41,0.17369526624679565,True
18,attachment4,text,42,48,0.01706412062048912,False
18,attachment4,text,49,49,0.0015597051242366433,False
18,attachment4,audio,0,6,0.08325069397687912,True
18,attachment4,audio,7,13,0.0688084214925766,False
18,attachment4,audio,14,20,0.040136657655239105,False
18,attachment4,audio,21,27,0.046194061636924744,False
18,attachment4,audio,28,34,0.04787532985210419,True
18,attachment4,audio,35,41,0.08168792724609375,False
18,attachment4,audio,42,48,0.09342260658740997,True
18,attachment4,audio,49,49,0.01222747378051281,False
18,attachment4,vision,0,6,0.05807492882013321,False
18,attachment4,vision,7,13,0.06546708196401596,True
18,attachment4,vision,14,20,0.06031132489442825,False
18,attachment4,vision,21,27,0.032080069184303284,True
18,attachment4,vision,28,34,0.052231308072805405,False
18,attachment4,vision,35,41,0.0646221712231636,True
18,attachment4,vision,42,48,0.05944105610251427,False
18,attachment4,vision,49,49,0.002127006882801652,False
19,attachment4,text,0,6,0.09237365424633026,True
19,attachment4,text,7,13,0.030489562079310417,False
19,attachment4,text,14,20,0.0849481150507927,True
19,attachment4,text,21,27,0.00322208134457469,False
19,attachment4,text,28,34,0.02643168717622757,False
19,attachment4,text,35,41,0.10627064108848572,False
19,attachment4,text,42,48,0.1645233929157257,True
19,attachment4,text,49,49,0.03606700524687767,False
19,attachment4,audio,0,6,0.022608887404203415,False
19,attachment4,audio,7,13,0.03695188835263252,True
19,attachment4,audio,14,20,0.0266999714076519,False
19,attachment4,audio,21,27,0.0025202869437634945,False
19,attachment4,audio,28,34,0.028845103457570076,True
19,attachment4,audio,35,41,0.022247133776545525,False
19,attachment4,audio,42,48,0.022731373086571693,True
19,attachment4,audio,49,49,0.0013345970073714852,False
19,attachment4,vision,0,6,0.028735220432281494,True
19,attachment4,vision,7,13,0.03202075511217117,False
19,attachment4,vision,14,20,0.03323840722441673,True
19,attachment4,vision,21,27,0.026974186301231384,False
19,attachment4,vision,28,34,0.01142869982868433,False
19,attachment4,vision,35,41,0.029433880001306534,False
19,attachment4,vision,42,48,0.0589853897690773,True
19,attachment4,vision,49,49,0.007768557872623205,False
20,attachment4,text,0,6,0.05910291522741318,True
20,attachment4,text,7,13,0.004142932593822479,False
20,attachment4,text,14,20,0.010608300566673279,False
20,attachment4,text,21,27,0.02576085366308689,False
20,attachment4,text,28,34,0.048581864684820175,True
20,attachment4,text,35,41,0.010288983583450317,False
20,attachment4,text,42,48,0.11420644819736481,True
20,attachment4,text,49,49,0.0206525307148695,False
20,attachment4,audio,0,6,0.018807604908943176,True
20,attachment4,audio,7,13,0.01730511151254177,False
20,attachment4,audio,14,20,0.006082083098590374,False
20,attachment4,audio,21,27,0.029959000647068024,True
20,attachment4,audio,28,34,0.00529027683660388,False
20,attachment4,audio,35,41,0.03466763347387314,True
20,attachment4,audio,42,48,0.008627224713563919,False
20,attachment4,audio,49,49,0.0033328819554299116,False
20,attachment4,vision,0,6,0.022378209978342056,True
20,attachment4,vision,7,13,0.009173261001706123,False
20,attachment4,vision,14,20,0.0004540197551250458,False
20,attachment4,vision,21,27,0.01709386147558689,False
20,attachment4,vision,28,34,0.054375745356082916,True
20,attachment4,vision,35,41,0.04907131567597389,False
20,attachment4,vision,42,48,0.01004170160740614,True
20,attachment4,vision,49,49,0.0032519325613975525,False
