split,modality,sample_count,mean_contribution,std_contribution,median_contribution
valid,text,728,0.5646009797711375,0.20798618105493402,0.583356648683548
valid,audio,728,0.2418569241903702,0.15331592633664523,0.2254147157073021
valid,vision,728,0.19354209635047892,0.12652536569325223,0.17891918867826462
test,text,727,0.5719458849362752,0.20763039634864439,0.5964441299438477
test,audio,727,0.24504559374756424,0.152818192533166,0.22540663182735443
test,vision,727,0.1830085210159147,0.12825736197755608,0.16782252490520477
attachment4,text,20,0.6416964486241341,0.1861342085801672,0.7164666056632996
attachment4,audio,20,0.19781843919772654,0.13671823059022245,0.1668645516037941
attachment4,vision,20,0.16048510232940316,0.11580448733019874,0.14218838512897491
